mean_hr,std_hr,mean_rr,sdnn,rmssd,pnn50,min_rr,max_rr,qrs_count,signal_mean,signal_std,signal_energy,signal_range,lf_power,hf_power,lf_hf_ratio,emotion,group,source,window
106.1020377584657,0.3626932261581689,0.5654999999999999,0.0020000000000000018,0.0030983866769659367,0.0,0.564,0.568,17.0,-0.00159562313777869,0.23671779698416384,0.05603786142223362,1.8692812820639437,0.0,6.661713540553021e-07,0.0,angry,subject_01_subject_01_angry_session_01,subject_01_angry.csv,0
106.1020377584657,0.3626932261581689,0.5654999999999999,0.0020000000000000018,0.0032659863237109073,0.0,0.564,0.568,17.0,0.002651411508389042,0.2252955833384611,0.05076512985480428,1.2679461264906693,0.0,2.5828782621635415e-07,0.0,angry,subject_01_subject_01_angry_session_01,subject_01_angry.csv,1
106.14886125262213,0.3472523265234311,0.5652499999999999,0.001914854215512678,0.002921186973360889,0.0,0.564,0.568,17.0,-0.015144822246095539,0.248028341384946,0.06174742377103315,1.9545572868756396,0.0,2.754748495990968e-07,0.0,angry,subject_01_subject_01_angry_session_01,subject_01_angry.csv,2
106.11856369757973,0.35801963742688514,0.5654117647058823,0.0019703687322875575,0.003316624790355403,0.0,0.564,0.568,18.0,0.007295966000961468,0.23471094313499336,0.05514245794720528,1.4954798876042878,0.0,3.1653830686802687e-07,0.0,angry,subject_01_subject_01_angry_session_01,subject_01_angry.csv,3
106.07449452660897,0.3687091375372693,0.5656470588235294,0.002029198624783571,0.003464101615137758,0.0,0.564,0.568,18.0,-0.0019144371714938636,0.22988462370304344,0.05285060528477347,1.2540523301814448,0.0,2.2371419765572975e-07,0.0,angry,subject_01_subject_01_angry_session_01,subject_01_angry.csv,4
88.6082243548307,0.2358617915694139,0.6771428571428572,0.0018752289237539833,0.0031378581622109477,0.0,0.676,0.68,15.0,0.0018883636580396654,0.1927377981827737,0.037151424765648616,1.1652996655014451,0.0,3.874957352949769e-07,0.0,happy,subject_01_subject_01_happy_session_01,subject_01_happy.csv,0
88.6082243548307,0.2358617915694139,0.6771428571428572,0.0018752289237539833,0.0029351975428213743,0.0,0.676,0.68,15.0,-0.0007358021513360331,0.19409525229983682,0.037673508370143216,1.1850871127357143,0.0,3.4089429701349636e-07,0.0,happy,subject_01_subject_01_happy_session_01,subject_01_happy.csv,1
88.63738941184121,0.30156784638183537,0.676923076923077,0.0023965787580611142,0.003829708431025356,0.0,0.672,0.68,14.0,0.002080518148916783,0.1873606870976383,0.03510835562546711,1.1222072053516026,0.0,2.5909389366133263e-07,0.0,happy,subject_01_subject_01_happy_session_01,subject_01_happy.csv,2
88.60866831939877,0.30849787764097103,0.6771428571428572,0.002444999382008509,0.004296689244236602,0.0,0.672,0.68,15.0,0.0012174648432084804,0.1930387132900243,0.03726542704931266,1.125991768231625,0.0,3.204366108500624e-07,0.0,happy,subject_01_subject_01_happy_session_01,subject_01_happy.csv,3
88.59674957830197,0.24097030710326478,0.6772307692307693,0.0019215378456610471,0.0030550504633038967,0.0,0.676,0.68,14.0,0.002822142382970166,0.19269158451103982,0.03713801122900496,1.1103509482468914,0.0,4.0132662146436107e-07,0.0,happy,subject_01_subject_01_happy_session_01,subject_01_happy.csv,4
63.66750811395601,0.13250034670662503,0.9423999999999998,0.002065591117977291,0.0035276684147527906,0.0,0.94,0.944,11.0,0.0010994168771357182,0.1485681633657917,0.0220737078833543,0.9550387665684892,0.0,1.9407788128304156e-07,0.0,relaxed,subject_01_subject_01_relaxed_session_01,subject_01_relaxed.csv,0
63.64046159394159,0.12394272525123794,0.9428000000000001,0.0019321835661585934,0.0032659863237109073,0.0,0.94,0.944,11.0,0.001406351482967171,0.1491087129004708,0.022235386087328682,0.9850525353351626,0.0,6.126204291036403e-07,0.0,relaxed,subject_01_subject_01_relaxed_session_01,subject_01_relaxed.csv,1
63.64947710061306,0.12749851806464782,0.9426666666666664,0.0020000000000000018,0.003464101615137758,0.0,0.94,0.944,10.0,0.0009942177694931287,0.14439360340778154,0.020850501174056877,0.953368048065123,0.0,3.7463540170222125e-07,0.0,relaxed,subject_01_subject_01_relaxed_session_01,subject_01_relaxed.csv,2
63.64046159394159,0.12394272525123794,0.9427999999999997,0.0019321835661585934,0.0032659863237109073,0.0,0.94,0.944,11.0,-0.0031854264860129173,0.1591559547212642,0.025340764865134886,1.187695719337594,0.0,3.380165360252381e-07,0.0,relaxed,subject_01_subject_01_relaxed_session_01,subject_01_relaxed.csv,3
63.66750811395601,0.13250034670662503,0.9423999999999999,0.002065591117977291,0.0035276684147527906,0.0,0.94,0.944,11.0,-0.0009578123774939833,0.14914222741265573,0.022244321402158797,0.973431108462905,0.0,3.7913385666899387e-07,0.0,relaxed,subject_01_subject_01_relaxed_session_01,subject_01_relaxed.csv,4
63.47909255957264,0.17112273377726933,0.9451999999999998,0.0026997942308422144,0.0032659863237109073,0.0,0.944,0.952,11.0,0.0005226806094280756,0.13243080801371013,0.017538192106183625,0.9344859149518181,0.0,3.9571667122578044e-07,0.0,sad,subject_01_subject_01_sad_session_01,subject_01_sad.csv,0
63.50568547521991,0.10727311735679165,0.9448000000000001,0.001686548085423137,0.002666666666666669,0.0,0.944,0.948,11.0,0.0008065075669033325,0.13227110570593334,0.017496295859125665,0.927570427422866,0.0,4.220248688523944e-07,0.0,sad,subject_01_subject_01_sad_session_01,subject_01_sad.csv,1
63.46992776943432,0.1264225812033462,0.9453333333333332,0.0020000000000000018,0.0028284271247461927,0.0,0.944,0.948,10.0,0.000911651312363157,0.12729726400381858,0.016205424530973216,0.8753585667833361,0.0,6.69508077308007e-07,0.0,sad,subject_01_subject_01_sad_session_01,subject_01_sad.csv,2
63.52952394574365,0.08428172080223079,0.9444444444444444,0.0013333333333333344,0.0020000000000000018,0.0,0.944,0.948,10.0,0.004038928695479244,0.13137700805036054,0.017276231189271667,0.8886469209373207,0.0,4.6455377155165396e-07,0.0,sad,subject_01_subject_01_sad_session_01,subject_01_sad.csv,3
63.50591371589515,0.16136696445814558,0.9448000000000001,0.002529822128134706,0.004216370213557844,0.0,0.94,0.948,11.0,0.0010327058495096183,0.13208294851947727,0.01744697177097049,0.8738532296350855,0.0,1.3186766636714338e-06,0.0,sad,subject_01_subject_01_sad_session_01,subject_01_sad.csv,4
108.83700678488701,0.48693067886495,0.5512941176470589,0.0025437350953458437,0.003872983346207421,0.0,0.548,0.556,18.0,-0.001291281642882419,0.23120846876861773,0.05345902343861013,1.3153065317140136,0.0,1.0374832634435207e-07,0.0,angry,subject_02_subject_02_angry_session_01,subject_02_angry.csv,0
108.79100777846554,0.5328793172978828,0.5515294117647059,0.0027865221840769464,0.004358898943540678,0.0,0.548,0.556,18.0,9.250552711619075e-05,0.23008151231696886,0.052937510867336036,1.281782341036202,0.0,5.101494950304561e-07,0.0,angry,subject_02_subject_02_angry_session_01,subject_02_angry.csv,1
108.83633526654509,0.40532960595335177,0.5512941176470588,0.0021143765594836992,0.003464101615137758,0.0,0.548,0.556,18.0,-0.00030951077041676243,0.2293117523042294,0.05258397554175327,1.2527204030944201,0.0,3.4671144815268227e-07,0.0,angry,subject_02_subject_02_angry_session_01,subject_02_angry.csv,2
108.83702159779162,0.4902462052133024,0.5512941176470588,0.0025437350953458437,0.004242640687119289,0.0,0.544,0.556,18.0,-0.0010302142701617111,0.22850011780380305,0.05221336517779432,1.2545533136595883,0.0,2.2485487495402695e-07,0.0,angry,subject_02_subject_02_angry_session_01,subject_02_angry.csv,3
108.79102259137014,0.5359119193186579,0.5515294117647059,0.0027865221840769464,0.004690415759823434,0.0,0.544,0.556,18.0,-0.002043485305701553,0.22934886977746224,0.05260507990039396,1.2709985596369655,0.0,4.0668864421009276e-07,0.0,angry,subject_02_subject_02_angry_session_01,subject_02_angry.csv,4
87.52314596867839,0.24811518533787405,0.6855384615384614,0.002025478734167279,0.0036514837167010094,0.0,0.684,0.688,14.0,0.0005127862799871531,0.2216307014894699,0.04912043079248346,2.150342547560787,0.0,1.7866470307727617e-07,0.0,happy,subject_02_subject_02_happy_session_01,subject_02_happy.csv,0
87.53715684560237,0.24436833116581944,0.6854285714285713,0.001988980632395334,0.0035082320772280226,0.0,0.684,0.688,15.0,-0.0004930002466633759,0.19272765572012815,0.037144192328619464,1.1053818317519224,0.0,1.7337889498145373e-07,0.0,happy,subject_02_subject_02_happy_session_01,subject_02_happy.csv,1
87.52314596867839,0.24811518533787405,0.6855384615384614,0.002025478734167279,0.0036514837167010094,0.0,0.684,0.688,14.0,-0.019700353566718294,0.22500965331856798,0.05101744801719586,1.9714878363478758,0.0,1.697881193437708e-07,0.0,happy,subject_02_subject_02_happy_session_01,subject_02_happy.csv,2
87.52314596867839,0.24811518533787405,0.6855384615384614,0.002025478734167279,0.0036514837167010094,0.0,0.684,0.688,14.0,-0.0017725040135241378,0.187043762753551,0.034988510955484636,1.1269488068626754,0.0,1.7866470307728122e-07,0.0,happy,subject_02_subject_02_happy_session_01,subject_02_happy.csv,3
87.53715684560237,0.24436833116581944,0.6854285714285714,0.0019889806323953345,0.0035082320772280226,0.0,0.684,0.688,15.0,0.0020239052325299843,0.19170082862492968,0.03675330388787493,1.1271647219074168,0.0,1.522070723270418e-07,0.0,happy,subject_02_subject_02_happy_session_01,subject_02_happy.csv,4
67.62871468753822,0.12229423994130002,0.8872,0.0016865480854231373,0.002666666666666669,0.0,0.884,0.888,11.0,0.0010199369390614962,0.1483496662618834,0.02200866375137185,0.9534081086283849,0.0,1.7692595354254088e-07,0.0,relaxed,subject_02_subject_02_relaxed_session_01,subject_02_relaxed.csv,0
67.65928824752353,0.14010565289702478,0.8868,0.0019321835661585934,0.0029814239699997224,0.0,0.884,0.888,11.0,0.0012280606536366106,0.1494309784856102,0.02233112546413591,0.9637843047291518,0.0,6.382165380150286e-07,0.0,relaxed,subject_02_subject_02_relaxed_session_01,subject_02_relaxed.csv,1
67.62315585844998,0.11792057231256543,0.8872727272727272,0.0016180796699117824,0.0021908902300206666,0.0,0.884,0.888,12.0,-0.003663452915895916,0.1694107004387527,0.028713406310415787,1.345190434840139,0.0,4.2217622654107184e-07,0.0,relaxed,subject_02_subject_02_relaxed_session_01,subject_02_relaxed.csv,2
67.6287146875382,0.12229423994130002,0.8872,0.0016865480854231373,0.0023094010767585054,0.0,0.884,0.888,11.0,-0.0006782051827156537,0.14868379571607937,0.02210733107081068,0.9546129295797166,0.0,5.464792815832977e-07,0.0,relaxed,subject_02_subject_02_relaxed_session_01,subject_02_relaxed.csv,3
67.62871468753822,0.12229423994130002,0.8872,0.0016865480854231373,0.002666666666666669,0.0,0.884,0.888,11.0,0.0018587271868679399,0.14951343310706433,0.022357721546215806,0.9661671044480572,0.0,6.015560741849538e-07,0.0,relaxed,subject_02_subject_02_relaxed_session_01,subject_02_relaxed.csv,4
61.559738244619844,0.11925837907079549,0.9746666666666667,0.0020000000000000018,0.0031622776601683824,0.0,0.972,0.976,10.0,0.0011021882945134165,0.12675456103073038,0.01606793356112971,0.8695051953372944,0.0,6.959328588947633e-07,0.0,sad,subject_02_subject_02_sad_session_01,subject_02_sad.csv,0
61.53162877510176,0.10517600426066505,0.975111111111111,0.0017638342073763953,0.0028284271247461927,0.0,0.972,0.976,10.0,0.0018119857598807808,0.13010826497652153,0.016931443907594743,0.9853519767242707,0.0,2.550440499148289e-07,0.0,sad,subject_02_subject_02_sad_session_01,subject_02_sad.csv,1
61.55130540376441,0.11593239463053849,0.9748000000000001,0.0019321835661585934,0.0029814239699997224,0.0,0.972,0.976,11.0,-0.00031201561455668133,0.13548747769374073,0.018356953965555624,0.9429548259545981,0.0,5.631987929644313e-07,0.0,sad,subject_02_subject_02_sad_session_01,subject_02_sad.csv,2
61.53162877510176,0.10517600426066505,0.975111111111111,0.0017638342073763953,0.0028284271247461927,0.0,0.972,0.976,10.0,-0.003169679894028985,0.13188807753704054,0.017404511867047032,1.0451240178209074,0.0,4.90562719832537e-07,0.0,sad,subject_02_subject_02_sad_session_01,subject_02_sad.csv,3
61.559738244619844,0.11925837907079549,0.9746666666666665,0.0020000000000000018,0.003464101615137758,0.0,0.972,0.976,10.0,0.0030627020849264687,0.12850316190870925,0.016522442764596957,0.8614221280054861,0.0,7.612537554834526e-07,0.0,sad,subject_02_subject_02_sad_session_01,subject_02_sad.csv,4
104.62194055944057,0.35265364093526524,0.5734999999999999,0.0020000000000000018,0.003577708763999667,0.0,0.572,0.576,17.0,0.00271588990755945,0.22586257961163073,0.05102128092681021,1.2840149525423343,0.0,1.4202545313611206e-07,0.0,angry,subject_03_subject_03_angry_session_01,subject_03_angry.csv,0
104.62194055944057,0.35265364093526524,0.5734999999999999,0.0020000000000000018,0.0032659863237109077,0.0,0.572,0.576,17.0,-0.014672323317531195,0.24480540997838082,0.06014496582621728,1.9111842397526744,0.0,6.111685267239105e-07,0.0,angry,subject_03_subject_03_angry_session_01,subject_03_angry.csv,1
104.5523104346634,0.3635884312970768,0.5738823529411765,0.002057983021710108,0.0031622776601683824,0.0,0.572,0.576,18.0,-0.004041457730852795,0.23425133025176997,0.05489001910531406,1.5175307837950869,0.0,2.3917547932493615e-07,0.0,angry,subject_03_subject_03_angry_session_01,subject_03_angry.csv,2
104.57705440099808,0.44526359973915575,0.57375,0.0025166114784235852,0.004131182235954582,0.0,0.568,0.576,17.0,-0.0025716549878383455,0.22293663011766532,0.049707354457597185,1.274606639678512,0.0,2.593590987001584e-07,0.0,angry,subject_03_subject_03_angry_session_01,subject_03_angry.csv,3
104.57641317016319,0.36136244961000574,0.57375,0.0020493901531919217,0.0032659863237109077,0.0,0.572,0.576,17.0,0.0009376347695976623,0.22256164678390117,0.049534565778123145,1.244688522393263,0.0,3.3515627769186375e-07,0.0,angry,subject_03_subject_03_angry_session_01,subject_03_angry.csv,4
87.71929824561403,0.0,0.6839999999999999,1.1555567610933196e-16,0.0,0.0,0.684,0.684,14.0,0.0020443756441884575,0.195853185500718,0.038362649742553205,1.398551077903176,0.0,0.0,0.0,happy,subject_03_subject_03_happy_session_01,subject_03_happy.csv,0
87.71929824561403,0.0,0.6839999999999999,1.1521328816827454e-16,0.0,0.0,0.684,0.684,15.0,-0.000536959082583393,0.19361593876031746,0.03748742006709537,1.1097905548117697,0.0,0.0,0.0,happy,subject_03_subject_03_happy_session_01,subject_03_happy.csv,1
87.71975978038328,0.20121645620471407,0.684,0.0016329931618554307,0.002581988897471585,0.0,0.68,0.688,14.0,-0.005989939536933031,0.1914264350625663,0.036679959416419015,1.2807497904578464,0.0,4.481133585528033e-09,0.0,happy,subject_03_subject_03_happy_session_01,subject_03_happy.csv,2
87.71975978038328,0.2012164562047141,0.6839999999999999,0.0016329931618554307,0.0028284271247461536,0.0,0.68,0.688,14.0,-0.003966282585660422,0.18990488396676983,0.03607959635198163,1.182149139479952,0.0,4.020139441196644e-07,0.0,happy,subject_03_subject_03_happy_session_01,subject_03_happy.csv,3
87.71929824561403,0.0,0.6839999999999999,1.1521328816827454e-16,0.0,0.0,0.684,0.684,15.0,0.0009862864249116066,0.19149924634087218,0.03667293411003401,1.1009500900366016,0.0,0.0,0.0,happy,subject_03_subject_03_happy_session_01,subject_03_happy.csv,4
65.13269339356296,0.1293781957920939,0.9212,0.0019321835661585936,0.0032659863237109073,0.0,0.92,0.924,11.0,0.0008484770581371603,0.1500341275503169,0.02251095934310294,1.0019328854793415,0.0,6.136282439569124e-07,0.0,relaxed,subject_03_subject_03_relaxed_session_01,subject_03_relaxed.csv,0
65.12328251458686,0.13308992681847673,0.9213333333333333,0.0020000000000000018,0.0031622776601683824,0.0,0.92,0.924,10.0,-0.014065714145793566,0.17061138223210734,0.029306088061581408,1.668706527002778,0.0,7.78285779469549e-07,0.0,relaxed,subject_03_subject_03_relaxed_session_01,subject_03_relaxed.csv,1
65.10446075663467,0.13831110913513525,0.9216,0.002065591117977291,0.0035276684147527906,0.0,0.92,0.924,11.0,-0.0006952017765909451,0.14827211039853086,0.021985102027544296,0.9655230878154432,0.0,5.733369003024649e-07,0.0,relaxed,subject_03_subject_03_relaxed_session_01,subject_03_relaxed.csv,2
65.13269339356296,0.1293781957920939,0.9212,0.0019321835661585936,0.0032659863237109073,0.0,0.92,0.924,11.0,0.0009008086240320289,0.148746660605631,0.022126380497503907,0.9336060100495275,0.0,5.397552228230502e-07,0.0,relaxed,subject_03_subject_03_relaxed_session_01,subject_03_relaxed.csv,3
65.13269339356296,0.1293781957920939,0.9212,0.0019321835661585936,0.0032659863237109073,0.0,0.92,0.924,11.0,-0.0011456771752251483,0.14926643456920877,0.022281781065193712,0.9309518992826186,0.0,6.136282439569039e-07,0.0,relaxed,subject_03_subject_03_relaxed_session_01,subject_03_relaxed.csv,4
61.391999287740454,0.1677395846895861,0.9773333333333333,0.0028284271247461927,0.004242640687119289,0.0,0.972,0.98,10.0,0.0011818706271475555,0.12803561172743821,0.016394514688598632,0.869394786284236,0.0,8.04145588267808e-07,0.0,sad,subject_03_subject_03_sad_session_01,subject_03_sad.csv,0
61.391999287740454,0.16773958468958614,0.9773333333333333,0.0028284271247461927,0.004898979485566361,0.0,0.972,0.98,10.0,0.0021611222615275888,0.1290203056568217,0.016650909721208966,0.8826244791940796,0.0,8.812152632390487e-07,0.0,sad,subject_03_subject_03_sad_session_01,subject_03_sad.csv,1
61.39176982268317,0.11828484128246061,0.9773333333333333,0.0020000000000000018,0.0028284271247461927,0.0,0.976,0.98,10.0,0.0026821318017870113,0.13738086427630586,0.018880695700306923,1.1040754299648938,0.0,7.80919877678785e-07,0.0,sad,subject_03_subject_03_sad_session_01,subject_03_sad.csv,2
61.375041820006686,0.12292521291986543,0.9776,0.002065591117977291,0.0029814239699997224,0.0,0.976,0.98,11.0,0.004249009186920482,0.1347661237935684,0.01817996220141394,0.9623450656249588,0.0,2.0906239386781195e-07,0.0,sad,subject_03_subject_03_sad_session_01,subject_03_sad.csv,3
61.36388981822237,0.12468317037469588,0.9777777777777779,0.0021081851067789215,0.0031622776601683824,0.0,0.976,0.98,10.0,0.0030074573064270754,0.12919441744133767,0.016700242297456595,0.8654996164739727,0.0,8.790950935764285e-07,0.0,sad,subject_03_subject_03_sad_session_01,subject_03_sad.csv,4
